<?xml version="1.0" encoding="UTF-8"?>
<project-private xmlns="http://www.netbeans.org/ns/project-private/1">
    <editor-bookmarks xmlns="http://www.netbeans.org/ns/editor-bookmarks/2" lastBookmarkId="0"/>
    <open-files xmlns="http://www.netbeans.org/ns/projectui-open-files/2">
        <group>
            <file>file:/C:/Users/YALQA/OneDrive/Documents/Tugas%20Semester%204/PBO/Project/Laundrymanager_Kelompok2/Laundrymanager_Kel%202/src/laundry/manager/DeleteAdmin.java</file>
            <file>file:/C:/Users/YALQA/OneDrive/Documents/Tugas%20Semester%204/PBO/Project/Laundrymanager_Kelompok2/Laundrymanager_Kel%202/src/laundry/manager/Admin.java</file>
            <file>file:/C:/Users/YALQA/OneDrive/Documents/Tugas%20Semester%204/PBO/Project/Laundrymanager_Kelompok2/Laundrymanager_Kel%202/src/laundry/manager/TambahAdmin.java</file>
            <file>file:/C:/Users/YALQA/OneDrive/Documents/Tugas%20Semester%204/PBO/Project/Laundrymanager_Kelompok2/Laundrymanager_Kel%202/src/laundry/manager/UpdateAdmin.java</file>
            <file>file:/C:/Users/YALQA/OneDrive/Documents/Tugas%20Semester%204/PBO/Project/Laundrymanager_Kelompok2/Laundrymanager_Kel%202/src/laundry/manager/Login.java</file>
            <file>file:/C:/Users/YALQA/OneDrive/Documents/Tugas%20Semester%204/PBO/Project/Laundrymanager_Kelompok2/Laundrymanager_Kel%202/src/laundry/manager/Homepage.java</file>
            <file>file:/C:/Users/YALQA/OneDrive/Documents/Tugas%20Semester%204/PBO/Project/Laundrymanager_Kelompok2/Laundrymanager_Kel%202/src/laundry/manager/Pelanggan.java</file>
            <file>file:/C:/Users/YALQA/OneDrive/Documents/Tugas%20Semester%204/PBO/Project/Laundrymanager_Kelompok2/Laundrymanager_Kel%202/src/laundry/manager/LaporanTransaksi.java</file>
            <file>file:/C:/Users/YALQA/OneDrive/Documents/Tugas%20Semester%204/PBO/Project/Laundrymanager_Kelompok2/Laundrymanager_Kel%202/src/laundry/manager/CucianMasuk.java</file>
            <file>file:/C:/Users/YALQA/OneDrive/Documents/Tugas%20Semester%204/PBO/Project/Laundrymanager_Kelompok2/Laundrymanager_Kel%202/src/laundry/manager/CucianMasuk_old.java</file>
        </group>
    </open-files>
</project-private>
